nama,tahun,harga
Audi Q7 4.2 quattro th 2006 AT pajak hidup siap pakai,2006,245.000.000
Audi A4 B8.5 1.8T 2014 Full Option! Mobil Bergaransi! 320i c200 c250,2014,227.000.000
[OLXAutos] Audi Q5 2009 2.0 A/T Bensin Putih #Arjuna Motor,2009,249.000.000
Audi TT Coupe 2009 2.0 TFSI,2009,499.000.000
Audi Q7 3.0 TFSI 2012 Quattro Perfect Condition Siap Pakai no PR,2012,385.000.000
Audi Q7 3.0 TFSI Quattro 2012 Pperfect Condition Siap Pakai no PR,2012,385.000.000
SPECIAL PRICE !!! AUDI A6 2.0 2011,2011,188.000.000
Audi Q7 TFSI Quattro NIK 2018 Vogue,2018,1.490.000.000
Audi A6 Sline 2.8 2012,2012,288.000.000
Audi A4 B8.5 2014 rare color full record,2014,260.000.000
Audi TT Coupe 1.8 Turbo FWD AT Last Edition Km 40rb Simpanan Orisinil,2006,299.000.000
Audi A8 L 3.0 Quatro Black 2012 TFSI Bensin A 8 Hitam Interior Beige,2012,575.000.000
"Audi A8 L 3.0 Quattro 2012 NIK 2011

Black on Beige

Odometer 25rb mls",2012,575.000.000
Audi A8 L 3.0T Quattro 2012 NIK 2011,2012,575.000.000
AUDI TT MK2 2.0 Turbocharged Silver On Red Rare Item low KM,2009,425.000.000
For Sale Audi R8 V8 4.2L 2011 Black On Black Full Optional,2011,2.275.000.000
Audi Q7 Quattro,2018,1.500.000.000
Audi TT 1.8 (Full abt),2000,285.000.000
Audi Q7 Quattro 3.0L nik 2018 like new,2018,1.550.000.000
Audi Q5 TFSI Quattro,2012,325.000.000
